from,to,time
ANDERSONVILLE,ANDERSONVILLE,1785.565217
ANDERSONVILLE,BUCKTOWN,1955
ANDERSONVILLE,EDGEWATER,280.9238477
ANDERSONVILLE,HYDE PARK,6044
ANDERSONVILLE,IRVING PARK,1965
ANDERSONVILLE,LAKE VIEW,1225.180851
ANDERSONVILLE,LINCOLN PARK,2783.933333
ANDERSONVILLE,LINCOLN SQUARE,437.4219653
ANDERSONVILLE,LOGAN SQUARE,2838
ANDERSONVILLE,LOOP,2572.5
ANDERSONVILLE,NORTH CENTER,1032
ANDERSONVILLE,NORTH PARK,1310
ANDERSONVILLE,OLD TOWN,1665.666667
ANDERSONVILLE,RIVER NORTH,2195
ANDERSONVILLE,ROGERS PARK,916.2
ANDERSONVILLE,RUSH & DIVISION,3534
ANDERSONVILLE,SHEFFIELD & DEPAUL,1605.5
ANDERSONVILLE,UPTOWN,629.3623188
ANDERSONVILLE,WEST RIDGE,1081.714286
ANDERSONVILLE,WICKER PARK,2155.25
ANDERSONVILLE,WRIGLEYVILLE,794.6666667
ARMOUR SQUARE,ARMOUR SQUARE,462.3328
ARMOUR SQUARE,BACK OF THE YARDS,739.4166667
ARMOUR SQUARE,BRIDGEPORT,496.9010101
ARMOUR SQUARE,BRIGHTON PARK,1127.095238
ARMOUR SQUARE,BRONZEVILLE,530.7067669
ARMOUR SQUARE,GARFIELD PARK,3601.5
ARMOUR SQUARE,GOLD COAST,4083
ARMOUR SQUARE,GRANT PARK,2296.666667
ARMOUR SQUARE,HYDE PARK,2832
ARMOUR SQUARE,KENWOOD,1624
ARMOUR SQUARE,LAKE VIEW,3341.416667
ARMOUR SQUARE,LINCOLN PARK,1765
ARMOUR SQUARE,LITTLE ITALY,1113.327273
ARMOUR SQUARE,LITTLE VILLAGE,2120.333333
ARMOUR SQUARE,LOOP,1552.732759
ARMOUR SQUARE,LOWER WEST SIDE,846.1566265
ARMOUR SQUARE,MILLENIUM PARK,1855.625
ARMOUR SQUARE,MUSEUM CAMPUS,2056.555556
ARMOUR SQUARE,NEAR SOUTH SIDE,723.1859504
ARMOUR SQUARE,PRINTERS ROW,1237.518519
ARMOUR SQUARE,RIVER NORTH,1493.605263
ARMOUR SQUARE,RUSH & DIVISION,1583.911765
ARMOUR SQUARE,STREETERVILLE,2013.727273
ARMOUR SQUARE,UKRAINIAN VILLAGE AND EAST VILLAGE,4009
ARMOUR SQUARE,WEST LOOP,1214.77193
ARMOUR SQUARE,WICKER PARK,2300.571429
AUSTIN,AUSTIN,1909.15
AUSTIN,BELMONT CRAIGIN,1875.5
AUSTIN,BUCKTOWN,2432.076923
AUSTIN,GARFIELD PARK,1727.25
AUSTIN,HUMBOLDT PARK,1389
AUSTIN,LITTLE VILLAGE,1384
AUSTIN,LOGAN SQUARE,1579.066667
AUSTIN,LOOP,2698.6
AUSTIN,WICKER PARK,2289.75
AVALON PARK,AVALON PARK,1471
AVALON PARK,CHATHAM,463.5454545
AVALON PARK,SOUTH SHORE,565.6
BACK OF THE YARDS,ARMOUR SQUARE,942.8888889
BACK OF THE YARDS,BACK OF THE YARDS,648.421875
BACK OF THE YARDS,BRIDGEPORT,840.358209
BACK OF THE YARDS,BRIGHTON PARK,621.3333333
BACK OF THE YARDS,BRONZEVILLE,642.75
BACK OF THE YARDS,ENGLEWOOD,1320.5
BACK OF THE YARDS,GRANT PARK,4874.5
BACK OF THE YARDS,HYDE PARK,1550.444444
BACK OF THE YARDS,KENWOOD,511
BACK OF THE YARDS,LITTLE ITALY,2032.75
BACK OF THE YARDS,LOOP,2104.5
BACK OF THE YARDS,LOWER WEST SIDE,1693.333333
BACK OF THE YARDS,NEAR SOUTH SIDE,1303.8
BACK OF THE YARDS,SOUTH SHORE,2148.5
BACK OF THE YARDS,WEST LOOP,2177.333333
BACK OF THE YARDS,WICKER PARK,2179.5
BACK OF THE YARDS,WOODLAWN,1438
BELMONT CRAIGIN,AUSTIN,1562
BELMONT CRAIGIN,BELMONT CRAIGIN,880.3333333
BELMONT CRAIGIN,BUCKTOWN,1147.058824
BELMONT CRAIGIN,HUMBOLDT PARK,1095.4
BELMONT CRAIGIN,LAKE VIEW,1670.75
BELMONT CRAIGIN,LINCOLN PARK,1449
BELMONT CRAIGIN,LOGAN SQUARE,608.8611111
BELMONT CRAIGIN,LOOP,3948.5
BELMONT CRAIGIN,NORTH CENTER,1604
BELMONT CRAIGIN,OLD TOWN,2194.272727
BELMONT CRAIGIN,RIVER NORTH,1929.75
BELMONT CRAIGIN,SHEFFIELD & DEPAUL,1671
BELMONT CRAIGIN,UKRAINIAN VILLAGE AND EAST VILLAGE,1499
BELMONT CRAIGIN,UNITED CENTER,1428
BELMONT CRAIGIN,WICKER PARK,1576.111111
BRIDGEPORT,ARMOUR SQUARE,481.0863558
BRIDGEPORT,BACK OF THE YARDS,852.5666667
BRIDGEPORT,BRIDGEPORT,538.1633523
BRIDGEPORT,BRIGHTON PARK,740.4117647
BRIDGEPORT,BRONZEVILLE,480.7432188
BRIDGEPORT,ENGLEWOOD,1536.333333
BRIDGEPORT,GARFIELD PARK,2094.5
BRIDGEPORT,GOLD COAST,2506
BRIDGEPORT,GRANT PARK,1232.421053
BRIDGEPORT,HYDE PARK,2254.2
BRIDGEPORT,IRVING PARK,2710
BRIDGEPORT,JACKSON PARK,2245
BRIDGEPORT,KENWOOD,1560
BRIDGEPORT,LITTLE ITALY,1171.83908
BRIDGEPORT,LITTLE VILLAGE,1374.6
BRIDGEPORT,LOGAN SQUARE,2988
BRIDGEPORT,LOOP,1611.086538
BRIDGEPORT,LOWER WEST SIDE,830.0943396
BRIDGEPORT,MILLENIUM PARK,4634.96
BRIDGEPORT,MUSEUM CAMPUS,1743.75
BRIDGEPORT,NEAR SOUTH SIDE,731.0714286
BRIDGEPORT,NORTH CENTER,3336
BRIDGEPORT,OLD TOWN,2393.5
BRIDGEPORT,PRINTERS ROW,1140.666667
BRIDGEPORT,RIVER NORTH,1696.69697
BRIDGEPORT,RUSH & DIVISION,2114
BRIDGEPORT,STREETERVILLE,994.75
BRIDGEPORT,UNITED CENTER,845
BRIDGEPORT,WASHINGTON PARK,1043
BRIDGEPORT,WEST LOOP,1412.036697
BRIDGEPORT,WICKER PARK,2194.25
BRIDGEPORT,WOODLAWN,2734.25
BRIDGEPORT,WRIGLEYVILLE,2700
BRIGHTON PARK,ARMOUR SQUARE,881.6666667
BRIGHTON PARK,BACK OF THE YARDS,679.862069
BRIGHTON PARK,BRIDGEPORT,734.1355932
BRIGHTON PARK,BRIGHTON PARK,604.6621622
BRIGHTON PARK,BRONZEVILLE,1154.1
BRIGHTON PARK,GOLD COAST,3436
BRIGHTON PARK,LITTLE ITALY,1473.875
BRIGHTON PARK,LITTLE VILLAGE,1130.833333
BRIGHTON PARK,LOWER WEST SIDE,945.3076923
BRIGHTON PARK,NEAR SOUTH SIDE,1883
BRIGHTON PARK,OLD TOWN,2781
BRIGHTON PARK,RIVER NORTH,2622
BRIGHTON PARK,STREETERVILLE,3925.5
BRIGHTON PARK,WEST LOOP,1743.470588
BRIGHTON PARK,WICKER PARK,2049.8
BRONZEVILLE,ARMOUR SQUARE,573.596875
BRONZEVILLE,BACK OF THE YARDS,1215.666667
BRONZEVILLE,BRIDGEPORT,532.4371643
BRONZEVILLE,BRIGHTON PARK,1254.285714
BRONZEVILLE,BRONZEVILLE,622.9950068
BRONZEVILLE,ENGLEWOOD,2198.75
BRONZEVILLE,GOLD COAST,2345.5
BRONZEVILLE,GRANT PARK,2281.521739
BRONZEVILLE,HYDE PARK,1021.07772
BRONZEVILLE,JACKSON PARK,1790.851852
BRONZEVILLE,KENWOOD,724.5555556
BRONZEVILLE,LINCOLN PARK,5724.666667
BRONZEVILLE,LITTLE ITALY,1501.636364
BRONZEVILLE,LOOP,1771.221675
BRONZEVILLE,LOWER WEST SIDE,1365.941176
BRONZEVILLE,MILLENIUM PARK,1913.68
BRONZEVILLE,MUSEUM CAMPUS,2069.089286
BRONZEVILLE,NEAR SOUTH SIDE,903.6202532
BRONZEVILLE,OLD TOWN,6283.333333
BRONZEVILLE,PRINTERS ROW,1877.25
BRONZEVILLE,RIVER NORTH,1717.463415
BRONZEVILLE,RUSH & DIVISION,1821.5
BRONZEVILLE,SHEFFIELD & DEPAUL,5714
BRONZEVILLE,SOUTH SHORE,2637.777778
BRONZEVILLE,STREETERVILLE,1627.909091
BRONZEVILLE,UNITED CENTER,2402
BRONZEVILLE,WASHINGTON PARK,843.7777778
BRONZEVILLE,WEST LOOP,1477.107527
BRONZEVILLE,WICKER PARK,2332
BRONZEVILLE,WOODLAWN,1151.095238
BUCKTOWN,ARMOUR SQUARE,3833
BUCKTOWN,AUSTIN,3017.666667
BUCKTOWN,BELMONT CRAIGIN,1601.142857
BUCKTOWN,BUCKTOWN,650.2976295
BUCKTOWN,EDGEWATER,3297.333333
BUCKTOWN,GARFIELD PARK,1453.2
BUCKTOWN,GOLD COAST,2078.933333
BUCKTOWN,GRANT PARK,2147.4
BUCKTOWN,HUMBOLDT PARK,722.0058651
BUCKTOWN,IRVING PARK,933.2666667
BUCKTOWN,LAKE VIEW,1150.413681
BUCKTOWN,LINCOLN PARK,699.046892
BUCKTOWN,LINCOLN SQUARE,677.8958333
BUCKTOWN,LITTLE ITALY,1320.837838
BUCKTOWN,LITTLE VILLAGE,2097
BUCKTOWN,LOGAN SQUARE,734.5560166
BUCKTOWN,LOOP,1642.017722
BUCKTOWN,LOWER WEST SIDE,1817.12
BUCKTOWN,MILLENIUM PARK,2908
BUCKTOWN,MUSEUM CAMPUS,2467.5
BUCKTOWN,NEAR SOUTH SIDE,2710.333333
BUCKTOWN,NORTH CENTER,1001.546512
BUCKTOWN,NORTH PARK,1952
BUCKTOWN,OLD TOWN,989.1666667
BUCKTOWN,PORTAGE PARK,1598
BUCKTOWN,PRINTERS ROW,1780
BUCKTOWN,RIVER NORTH,949.9071146
BUCKTOWN,ROGERS PARK,386.2952381
BUCKTOWN,RUSH & DIVISION,1502.470588
BUCKTOWN,SHEFFIELD & DEPAUL,725.0323625
BUCKTOWN,STREETERVILLE,2231.5
BUCKTOWN,UKRAINIAN VILLAGE AND EAST VILLAGE,751.0153846
BUCKTOWN,UNITED CENTER,1121.571429
BUCKTOWN,UPTOWN,2026.076923
BUCKTOWN,WEST LOOP,1278.411371
BUCKTOWN,WICKER PARK,577.4165126
BUCKTOWN,WRIGLEYVILLE,2079.764706
CHATHAM,AVALON PARK,440.5416667
CHATHAM,CHATHAM,1143.333333
CHATHAM,ENGLEWOOD,2572
CHATHAM,HYDE PARK,1481
CHATHAM,JACKSON PARK,998
CHATHAM,KENWOOD,2802
CHATHAM,SOUTH CHICAGO,1383.666667
CHATHAM,SOUTH SHORE,693
CHATHAM,WOODLAWN,2806
EDGEWATER,ANDERSONVILLE,326.1983806
EDGEWATER,BUCKTOWN,2186.666667
EDGEWATER,EDGEWATER,654.8773234
EDGEWATER,GOLD COAST,2849.166667
EDGEWATER,GRANT PARK,3258.5
EDGEWATER,HYDE PARK,7372
EDGEWATER,IRVING PARK,2108.5
EDGEWATER,LAKE VIEW,1547.310345
EDGEWATER,LINCOLN PARK,2175.243902
EDGEWATER,LINCOLN SQUARE,867.223301
EDGEWATER,LOGAN SQUARE,2947
EDGEWATER,LOOP,3448
EDGEWATER,MILLENIUM PARK,2911
EDGEWATER,MUSEUM CAMPUS,6507.5
EDGEWATER,NORTH CENTER,1294.553191
EDGEWATER,NORTH PARK,817.3030303
EDGEWATER,OLD TOWN,1877.666667
EDGEWATER,PORTAGE PARK,2306
EDGEWATER,RIVER NORTH,2508
EDGEWATER,ROGERS PARK,757.7875458
EDGEWATER,RUSH & DIVISION,3145.5
EDGEWATER,SHEFFIELD & DEPAUL,1782.266667
EDGEWATER,UKRAINIAN VILLAGE AND EAST VILLAGE,3882
EDGEWATER,UNITED CENTER,2112.4
EDGEWATER,UPTOWN,835.1359517
EDGEWATER,WEST LOOP,4588
EDGEWATER,WEST RIDGE,1190.181818
EDGEWATER,WICKER PARK,4436.166667
EDGEWATER,WRIGLEYVILLE,1317.125
ENGLEWOOD,BACK OF THE YARDS,676.8
ENGLEWOOD,BRIDGEPORT,1318
ENGLEWOOD,BRONZEVILLE,4178
ENGLEWOOD,ENGLEWOOD,1153.307692
ENGLEWOOD,HYDE PARK,971
ENGLEWOOD,JACKSON PARK,2632.5
ENGLEWOOD,LITTLE ITALY,2250.5
ENGLEWOOD,LOOP,4136
ENGLEWOOD,LOWER WEST SIDE,1640
ENGLEWOOD,SOUTH SHORE,972.9714286
ENGLEWOOD,WASHINGTON PARK,626.3333333
ENGLEWOOD,WEST LOOP,2167
ENGLEWOOD,WOODLAWN,768.3103448
GARFIELD PARK,AUSTIN,2542.4375
GARFIELD PARK,BACK OF THE YARDS,2595
GARFIELD PARK,BRIDGEPORT,2717.666667
GARFIELD PARK,BUCKTOWN,1466.416667
GARFIELD PARK,GARFIELD PARK,1197.846847
GARFIELD PARK,HUMBOLDT PARK,1103.545455
GARFIELD PARK,IRVING PARK,871.52
GARFIELD PARK,LAKE VIEW,1767
GARFIELD PARK,LINCOLN PARK,2498
GARFIELD PARK,LINCOLN SQUARE,2278.5
GARFIELD PARK,LITTLE ITALY,1023
GARFIELD PARK,LOGAN SQUARE,1576.777778
GARFIELD PARK,LOOP,1655.809524
GARFIELD PARK,LOWER WEST SIDE,2498.428571
GARFIELD PARK,NORTH LAWNDALE,1204.833333
GARFIELD PARK,RIVER NORTH,1440.777778
GARFIELD PARK,UKRAINIAN VILLAGE AND EAST VILLAGE,1037.461538
GARFIELD PARK,UNITED CENTER,719.7083333
GARFIELD PARK,WEST LOOP,1607.823529
GARFIELD PARK,WICKER PARK,1211.425
GOLD COAST,ANDERSONVILLE,2151
GOLD COAST,ARMOUR SQUARE,4148
GOLD COAST,BACK OF THE YARDS,3245
GOLD COAST,BUCKTOWN,1610.583333
GOLD COAST,EDGEWATER,3280.3
GOLD COAST,GOLD COAST,2225.494226
GOLD COAST,GRANT PARK,2806.055556
GOLD COAST,HUMBOLDT PARK,2080.5
GOLD COAST,HYDE PARK,4757.5
GOLD COAST,IRVING PARK,2055
GOLD COAST,JACKSON PARK,5106.428571
GOLD COAST,LAKE VIEW,1386.274131
GOLD COAST,LINCOLN PARK,1069.748072
GOLD COAST,LINCOLN SQUARE,2689.285714
GOLD COAST,LITTLE ITALY,1872.75
GOLD COAST,LOGAN SQUARE,1614.5
GOLD COAST,LOOP,1165.608566
GOLD COAST,LOWER WEST SIDE,2244.2
GOLD COAST,MILLENIUM PARK,2254.09434
GOLD COAST,MUSEUM CAMPUS,2242.931818
GOLD COAST,NEAR SOUTH SIDE,1584.117647
GOLD COAST,NORTH CENTER,1905.111111
GOLD COAST,OLD TOWN,639.6252427
GOLD COAST,PRINTERS ROW,1386.5
GOLD COAST,RIVER NORTH,695.9460784
GOLD COAST,ROGERS PARK,3471.875
GOLD COAST,RUSH & DIVISION,572.1087963
GOLD COAST,SHEFFIELD & DEPAUL,1206.741176
GOLD COAST,STREETERVILLE,3131.6
GOLD COAST,UKRAINIAN VILLAGE AND EAST VILLAGE,1460.142857
GOLD COAST,UPTOWN,2210.931507
GOLD COAST,WEST LOOP,1011.545775
GOLD COAST,WICKER PARK,1039.35
GOLD COAST,WRIGLEYVILLE,1897
GRANT PARK,ARMOUR SQUARE,2406.8
GRANT PARK,BRIDGEPORT,1146.272727
GRANT PARK,BRONZEVILLE,1804.478261
GRANT PARK,BUCKTOWN,3269.555556
GRANT PARK,EDGEWATER,3966.333333
GRANT PARK,GOLD COAST,2607.436364
GRANT PARK,GRANT PARK,1307.683686
GRANT PARK,HYDE PARK,3654.388889
GRANT PARK,IRVING PARK,2711
GRANT PARK,JACKSON PARK,5972.4
GRANT PARK,KENWOOD,2624.333333
GRANT PARK,LAKE VIEW,2312.328358
GRANT PARK,LINCOLN PARK,2422.83908
GRANT PARK,LITTLE ITALY,1575.194444
GRANT PARK,LITTLE VILLAGE,2448.75
GRANT PARK,LOGAN SQUARE,2155.5
GRANT PARK,LOOP,881.9546742
GRANT PARK,LOWER WEST SIDE,1367.204545
GRANT PARK,MILLENIUM PARK,1118.695652
GRANT PARK,MUSEUM CAMPUS,1085.242038
GRANT PARK,NEAR SOUTH SIDE,991.6887417
GRANT PARK,NORTH CENTER,4426
GRANT PARK,OLD TOWN,2745.925926
GRANT PARK,PRINTERS ROW,586.4852941
GRANT PARK,RIVER NORTH,1167.12381
GRANT PARK,ROGERS PARK,6713.4
GRANT PARK,RUSH & DIVISION,1647.111111
GRANT PARK,SHEFFIELD & DEPAUL,2161.444444
GRANT PARK,SOUTH SHORE,3679
GRANT PARK,STREETERVILLE,644.8505747
GRANT PARK,UKRAINIAN VILLAGE AND EAST VILLAGE,1547.5
GRANT PARK,UNITED CENTER,1433.25
GRANT PARK,UPTOWN,3646.294118
GRANT PARK,WEST LOOP,759.9420849
GRANT PARK,WICKER PARK,2214.486486
GRANT PARK,WRIGLEYVILLE,2382
HUMBOLDT PARK,ANDERSONVILLE,2105
HUMBOLDT PARK,AUSTIN,2229
HUMBOLDT PARK,BELMONT CRAIGIN,800
HUMBOLDT PARK,BUCKTOWN,671.5988539
HUMBOLDT PARK,GARFIELD PARK,686.375
HUMBOLDT PARK,GRANT PARK,2179
HUMBOLDT PARK,HUMBOLDT PARK,1232.480519
HUMBOLDT PARK,IRVING PARK,766.1724138
HUMBOLDT PARK,LAKE VIEW,2104.647059
HUMBOLDT PARK,LINCOLN PARK,1285.101266
HUMBOLDT PARK,LINCOLN SQUARE,836.3333333
HUMBOLDT PARK,LITTLE ITALY,1365.75
HUMBOLDT PARK,LOGAN SQUARE,704.072973
HUMBOLDT PARK,LOOP,1702.405063
HUMBOLDT PARK,LOWER WEST SIDE,1841.5
HUMBOLDT PARK,MILLENIUM PARK,1724
HUMBOLDT PARK,MUSEUM CAMPUS,2420.219512
HUMBOLDT PARK,NEAR SOUTH SIDE,3070.5
HUMBOLDT PARK,NORTH CENTER,1063.625
HUMBOLDT PARK,NORTH PARK,1751
HUMBOLDT PARK,OLD TOWN,2338
HUMBOLDT PARK,PRINTERS ROW,1910
HUMBOLDT PARK,RIVER NORTH,1707.432432
HUMBOLDT PARK,ROGERS PARK,1342.7
HUMBOLDT PARK,RUSH & DIVISION,1392.333333
HUMBOLDT PARK,SHEFFIELD & DEPAUL,1557
HUMBOLDT PARK,UKRAINIAN VILLAGE AND EAST VILLAGE,721.848
HUMBOLDT PARK,UNITED CENTER,1585.285714
HUMBOLDT PARK,WEST LOOP,1452.901639
HUMBOLDT PARK,WICKER PARK,721.1710758
HUMBOLDT PARK,WRIGLEYVILLE,1955.5
HYDE PARK,ARMOUR SQUARE,2363.285714
HYDE PARK,BACK OF THE YARDS,1794
HYDE PARK,BRIDGEPORT,2041.833333
HYDE PARK,BRONZEVILLE,1175.324022
HYDE PARK,CHATHAM,1044.5
HYDE PARK,EDGEWATER,6422
HYDE PARK,ENGLEWOOD,1098.101695
HYDE PARK,GOLD COAST,5625
HYDE PARK,GRANT PARK,3861.371429
HYDE PARK,HYDE PARK,496.5646967
HYDE PARK,JACKSON PARK,913.3783784
HYDE PARK,KENWOOD,583.5620767
HYDE PARK,LAKE VIEW,4409.5
HYDE PARK,LINCOLN PARK,5401.666667
HYDE PARK,LITTLE ITALY,5113
HYDE PARK,LOOP,3211.298969
HYDE PARK,LOWER WEST SIDE,2550.904762
HYDE PARK,MILLENIUM PARK,4116.875
HYDE PARK,MUSEUM CAMPUS,3474.764706
HYDE PARK,NEAR SOUTH SIDE,2770.511905
HYDE PARK,OLD TOWN,5328.666667
HYDE PARK,PRINTERS ROW,2538.666667
HYDE PARK,RIVER NORTH,5435.285714
HYDE PARK,ROGERS PARK,6525
HYDE PARK,RUSH & DIVISION,6285
HYDE PARK,SOUTH CHICAGO,1795.666667
HYDE PARK,SOUTH SHORE,1936.7
HYDE PARK,STREETERVILLE,2378.5
HYDE PARK,WASHINGTON PARK,629.7581699
HYDE PARK,WEST LOOP,4356.9375
HYDE PARK,WICKER PARK,4848
HYDE PARK,WOODLAWN,416.3927722
IRVING PARK,BELMONT CRAIGIN,998
IRVING PARK,BRIDGEPORT,3393
IRVING PARK,BUCKTOWN,1136.170213
IRVING PARK,EDGEWATER,2006.428571
IRVING PARK,GARFIELD PARK,877.9565217
IRVING PARK,GOLD COAST,2737.625
IRVING PARK,HUMBOLDT PARK,575.05
IRVING PARK,IRVING PARK,857.0422078
IRVING PARK,LAKE VIEW,1408.476821
IRVING PARK,LINCOLN PARK,1585.238095
IRVING PARK,LINCOLN SQUARE,1167.909091
IRVING PARK,LOGAN SQUARE,535.2481061
IRVING PARK,LOOP,2128.310345
IRVING PARK,LOWER WEST SIDE,1700
IRVING PARK,NEAR SOUTH SIDE,2738
IRVING PARK,NORTH CENTER,751.3428571
IRVING PARK,NORTH PARK,767.9166667
IRVING PARK,OLD TOWN,1820.833333
IRVING PARK,PORTAGE PARK,981.0909091
IRVING PARK,PRINTERS ROW,3499
IRVING PARK,RIVER NORTH,2294.405405
IRVING PARK,ROGERS PARK,1413.25
IRVING PARK,RUSH & DIVISION,2151.5
IRVING PARK,SHEFFIELD & DEPAUL,1537.510638
IRVING PARK,STREETERVILLE,4315
IRVING PARK,UKRAINIAN VILLAGE AND EAST VILLAGE,898.4666667
IRVING PARK,UNITED CENTER,1801
IRVING PARK,UPTOWN,1872.25
IRVING PARK,WEST LOOP,2318.730769
IRVING PARK,WEST RIDGE,2277
IRVING PARK,WICKER PARK,1147.97076
IRVING PARK,WRIGLEYVILLE,1139.26087
JACKSON PARK,ARMOUR SQUARE,3166
JACKSON PARK,BRONZEVILLE,2229.342857
JACKSON PARK,CHATHAM,3379
JACKSON PARK,ENGLEWOOD,1929
JACKSON PARK,GOLD COAST,5990
JACKSON PARK,GRANT PARK,3900.3125
JACKSON PARK,HYDE PARK,1089.859873
JACKSON PARK,JACKSON PARK,1261.10119
JACKSON PARK,KENWOOD,1586.142857
JACKSON PARK,LOOP,4122.846154
JACKSON PARK,MILLENIUM PARK,3862.8
JACKSON PARK,MUSEUM CAMPUS,3757.3125
JACKSON PARK,NEAR SOUTH SIDE,2461
JACKSON PARK,RIVER NORTH,5214
JACKSON PARK,RUSH & DIVISION,3988
JACKSON PARK,SOUTH CHICAGO,1238.666667
JACKSON PARK,SOUTH SHORE,879.6666667
JACKSON PARK,STREETERVILLE,4480
JACKSON PARK,WASHINGTON PARK,1819.5
JACKSON PARK,WEST LOOP,4294
JACKSON PARK,WICKER PARK,5847
JACKSON PARK,WOODLAWN,1476.333333
KENWOOD,ARMOUR SQUARE,4531.714286
KENWOOD,BACK OF THE YARDS,1507
KENWOOD,BRIDGEPORT,1190
KENWOOD,BRIGHTON PARK,2637
KENWOOD,BRONZEVILLE,824.5784314
KENWOOD,GOLD COAST,2397
KENWOOD,GRANT PARK,2715.833333
KENWOOD,HYDE PARK,619.6659619
KENWOOD,JACKSON PARK,1311.357143
KENWOOD,KENWOOD,874.9882813
KENWOOD,LAKE VIEW,5503.4
KENWOOD,LOOP,2330.957143
KENWOOD,MUSEUM CAMPUS,2290.090909
KENWOOD,NEAR SOUTH SIDE,2107.6875
KENWOOD,PRINTERS ROW,2615.666667
KENWOOD,RIVER NORTH,2608
KENWOOD,SOUTH SHORE,1861.5
KENWOOD,WASHINGTON PARK,1617.333333
KENWOOD,WEST LOOP,2357.5
KENWOOD,WOODLAWN,810.2647059
LAKE VIEW,ANDERSONVILLE,984.5952381
LAKE VIEW,ARMOUR SQUARE,8899.8
LAKE VIEW,AUSTIN,5748.5
LAKE VIEW,BELMONT CRAIGIN,1741.333333
LAKE VIEW,BRIDGEPORT,8121
LAKE VIEW,BRONZEVILLE,2211
LAKE VIEW,BUCKTOWN,1184.13
LAKE VIEW,EDGEWATER,1360.716418
LAKE VIEW,GARFIELD PARK,2730.8
LAKE VIEW,GOLD COAST,1450.15
LAKE VIEW,GRANT PARK,3201.62963
LAKE VIEW,HUMBOLDT PARK,2018.166667
LAKE VIEW,HYDE PARK,6205.666667
LAKE VIEW,IRVING PARK,1255.415205
LAKE VIEW,JACKSON PARK,6121.5
LAKE VIEW,LAKE VIEW,498.5215859
LAKE VIEW,LINCOLN PARK,787.1382488
LAKE VIEW,LINCOLN SQUARE,706.0695652
LAKE VIEW,LITTLE ITALY,2445.666667
LAKE VIEW,LOGAN SQUARE,1634.150442
LAKE VIEW,LOOP,1966.040627
LAKE VIEW,LOWER WEST SIDE,2513.2
LAKE VIEW,MILLENIUM PARK,2203.747573
LAKE VIEW,MUSEUM CAMPUS,2669.604651
LAKE VIEW,NEAR SOUTH SIDE,3520.677419
LAKE VIEW,NORTH CENTER,532.1242331
LAKE VIEW,NORTH PARK,1356.0625
LAKE VIEW,OLD TOWN,1113.991803
LAKE VIEW,PORTAGE PARK,1688
LAKE VIEW,PRINTERS ROW,2295
LAKE VIEW,RIVER NORTH,1386.95377
LAKE VIEW,ROGERS PARK,1810.953704
LAKE VIEW,RUSH & DIVISION,1310.905923
LAKE VIEW,SHEFFIELD & DEPAUL,547.7817503
LAKE VIEW,STREETERVILLE,2581.8
LAKE VIEW,UKRAINIAN VILLAGE AND EAST VILLAGE,1559.536585
LAKE VIEW,UNITED CENTER,1884
LAKE VIEW,UPTOWN,577.1717834
LAKE VIEW,WEST LOOP,1941.465011
LAKE VIEW,WEST RIDGE,1987.714286
LAKE VIEW,WICKER PARK,1534.429142
LAKE VIEW,WRIGLEYVILLE,393.7260184
LINCOLN PARK,ANDERSONVILLE,1935.333333
LINCOLN PARK,ARMOUR SQUARE,7798.333333
LINCOLN PARK,BELMONT CRAIGIN,1308
LINCOLN PARK,BRIDGEPORT,2527
LINCOLN PARK,BRONZEVILLE,4023.428571
LINCOLN PARK,BUCKTOWN,712.2031063
LINCOLN PARK,EDGEWATER,1970.333333
LINCOLN PARK,GARFIELD PARK,2028
LINCOLN PARK,GOLD COAST,975.1107739
LINCOLN PARK,GRANT PARK,2759.659794
LINCOLN PARK,HUMBOLDT PARK,1313.828947
LINCOLN PARK,HYDE PARK,9117.75
LINCOLN PARK,IRVING PARK,1386
LINCOLN PARK,KENWOOD,3658
LINCOLN PARK,LAKE VIEW,786.5899195
LINCOLN PARK,LINCOLN PARK,628.8850012
LINCOLN PARK,LINCOLN SQUARE,1298.986667
LINCOLN PARK,LITTLE ITALY,1864.113636
LINCOLN PARK,LOGAN SQUARE,1361.815686
LINCOLN PARK,LOOP,1562.455298
LINCOLN PARK,LOWER WEST SIDE,1796.25
LINCOLN PARK,MILLENIUM PARK,2165.064103
LINCOLN PARK,MUSEUM CAMPUS,3351.80597
LINCOLN PARK,NEAR SOUTH SIDE,3369.214286
LINCOLN PARK,NORTH CENTER,1007.767918
LINCOLN PARK,NORTH LAWNDALE,3212.2
LINCOLN PARK,NORTH PARK,2030
LINCOLN PARK,OLD TOWN,547.4648329
LINCOLN PARK,PRINTERS ROW,2142.785714
LINCOLN PARK,RIVER NORTH,862.5871705
LINCOLN PARK,ROGERS PARK,1028.512397
LINCOLN PARK,RUSH & DIVISION,890.7862233
LINCOLN PARK,SHEFFIELD & DEPAUL,373.8616128
LINCOLN PARK,STREETERVILLE,4355
LINCOLN PARK,UKRAINIAN VILLAGE AND EAST VILLAGE,1356.081633
LINCOLN PARK,UNITED CENTER,2241.9
LINCOLN PARK,UPTOWN,1460.753676
LINCOLN PARK,WEST LOOP,1335.413468
LINCOLN PARK,WEST RIDGE,2357.5
LINCOLN PARK,WICKER PARK,1100.64089
LINCOLN PARK,WRIGLEYVILLE,941.8317308
LINCOLN SQUARE,ANDERSONVILLE,496.4606742
LINCOLN SQUARE,AUSTIN,2651.730769
LINCOLN SQUARE,BELMONT CRAIGIN,1086
LINCOLN SQUARE,BUCKTOWN,748.7972973
LINCOLN SQUARE,EDGEWATER,923.8736264
LINCOLN SQUARE,GARFIELD PARK,1753.75
LINCOLN SQUARE,GOLD COAST,2112.5
LINCOLN SQUARE,HUMBOLDT PARK,1326
LINCOLN SQUARE,IRVING PARK,1023.548387
LINCOLN SQUARE,LAKE VIEW,735.0073421
LINCOLN SQUARE,LINCOLN PARK,1264.965318
LINCOLN SQUARE,LINCOLN SQUARE,351.8210668
LINCOLN SQUARE,LITTLE ITALY,2075.428571
LINCOLN SQUARE,LOGAN SQUARE,1028.844156
LINCOLN SQUARE,LOOP,2394.666667
LINCOLN SQUARE,LOWER WEST SIDE,2383
LINCOLN SQUARE,MILLENIUM PARK,2347
LINCOLN SQUARE,NORTH CENTER,673.1893333
LINCOLN SQUARE,NORTH PARK,723.4637681
LINCOLN SQUARE,OLD TOWN,1489.666667
LINCOLN SQUARE,RIVER NORTH,1565.723684
LINCOLN SQUARE,ROGERS PARK,1387.705882
LINCOLN SQUARE,RUSH & DIVISION,1905.428571
LINCOLN SQUARE,SHEFFIELD & DEPAUL,958.0151515
LINCOLN SQUARE,UKRAINIAN VILLAGE AND EAST VILLAGE,1325.888889
LINCOLN SQUARE,UNITED CENTER,1410.5
LINCOLN SQUARE,UPTOWN,446.8885768
LINCOLN SQUARE,WEST LOOP,2169
LINCOLN SQUARE,WEST RIDGE,1018.054545
LINCOLN SQUARE,WICKER PARK,951.2201258
LINCOLN SQUARE,WRIGLEYVILLE,933.875
LITTLE ITALY,ARMOUR SQUARE,1229.761905
LITTLE ITALY,AUSTIN,1947.333333
LITTLE ITALY,BRIDGEPORT,1227.635593
LITTLE ITALY,BRIGHTON PARK,1391
LITTLE ITALY,BRONZEVILLE,1584.586207
LITTLE ITALY,BUCKTOWN,1428.156863
LITTLE ITALY,GARFIELD PARK,1078.5
LITTLE ITALY,GOLD COAST,1743.266667
LITTLE ITALY,GRANT PARK,1355.393939
LITTLE ITALY,HUMBOLDT PARK,1491.733333
LITTLE ITALY,IRVING PARK,1872.2
LITTLE ITALY,JACKSON PARK,2887
LITTLE ITALY,LAKE VIEW,2021.32
LITTLE ITALY,LINCOLN PARK,1705.983607
LITTLE ITALY,LINCOLN SQUARE,2428.6
LITTLE ITALY,LITTLE ITALY,433.0176647
LITTLE ITALY,LITTLE VILLAGE,1372.261905
LITTLE ITALY,LOGAN SQUARE,1926.04
LITTLE ITALY,LOOP,1023.887925
LITTLE ITALY,LOWER WEST SIDE,642.7259714
LITTLE ITALY,MILLENIUM PARK,1562.055556
LITTLE ITALY,MUSEUM CAMPUS,1892.05
LITTLE ITALY,NEAR SOUTH SIDE,1003.716923
LITTLE ITALY,NORTH CENTER,1952.666667
LITTLE ITALY,NORTH LAWNDALE,938.3263158
LITTLE ITALY,OLD TOWN,1689.448276
LITTLE ITALY,PRINTERS ROW,863.4792627
LITTLE ITALY,RIVER NORTH,1190.334101
LITTLE ITALY,ROGERS PARK,1251.25
LITTLE ITALY,RUSH & DIVISION,1700.8
LITTLE ITALY,SHEFFIELD & DEPAUL,1889.166667
LITTLE ITALY,SOUTH SHORE,3950
LITTLE ITALY,STREETERVILLE,2026.142857
LITTLE ITALY,UKRAINIAN VILLAGE AND EAST VILLAGE,944.7128713
LITTLE ITALY,UNITED CENTER,801.0833333
LITTLE ITALY,UPTOWN,3798
LITTLE ITALY,WASHINGTON PARK,3204
LITTLE ITALY,WEST LOOP,629.5089834
LITTLE ITALY,WICKER PARK,975.1747967
LITTLE VILLAGE,ARMOUR SQUARE,1886
LITTLE VILLAGE,BRIDGEPORT,1430
LITTLE VILLAGE,BRIGHTON PARK,1434.6
LITTLE VILLAGE,BRONZEVILLE,1943
LITTLE VILLAGE,GARFIELD PARK,2220.333333
LITTLE VILLAGE,GRANT PARK,2714.166667
LITTLE VILLAGE,HUMBOLDT PARK,1114
LITTLE VILLAGE,LITTLE ITALY,1251.235294
LITTLE VILLAGE,LITTLE VILLAGE,622.1285714
LITTLE VILLAGE,LOGAN SQUARE,1951
LITTLE VILLAGE,LOOP,1938.666667
LITTLE VILLAGE,LOWER WEST SIDE,727.4848485
LITTLE VILLAGE,MUSEUM CAMPUS,2316
LITTLE VILLAGE,NEAR SOUTH SIDE,1437
LITTLE VILLAGE,NORTH LAWNDALE,702.7111111
LITTLE VILLAGE,OLD TOWN,2023.666667
LITTLE VILLAGE,WEST LOOP,1554.571429
LITTLE VILLAGE,WICKER PARK,1848.25
LOGAN SQUARE,ANDERSONVILLE,2198
LOGAN SQUARE,ARMOUR SQUARE,2464
LOGAN SQUARE,AUSTIN,1760.4
LOGAN SQUARE,BELMONT CRAIGIN,862.2
LOGAN SQUARE,BUCKTOWN,690.4886686
LOGAN SQUARE,EDGEWATER,3011.5
LOGAN SQUARE,GARFIELD PARK,1574.477273
LOGAN SQUARE,GOLD COAST,3002.25
LOGAN SQUARE,HUMBOLDT PARK,773.6635514
LOGAN SQUARE,IRVING PARK,612.5446623
LOGAN SQUARE,LAKE VIEW,1441.013514
LOGAN SQUARE,LINCOLN PARK,1356.741176
LOGAN SQUARE,LINCOLN SQUARE,861.9126214
LOGAN SQUARE,LITTLE ITALY,1760.830986
LOGAN SQUARE,LITTLE VILLAGE,1982.5
LOGAN SQUARE,LOGAN SQUARE,504.253556
LOGAN SQUARE,LOOP,2243.512367
LOGAN SQUARE,LOWER WEST SIDE,2054.28125
LOGAN SQUARE,MILLENIUM PARK,2952.6
LOGAN SQUARE,NEAR SOUTH SIDE,7816
LOGAN SQUARE,NORTH CENTER,1063.394495
LOGAN SQUARE,NORTH PARK,1171.387097
LOGAN SQUARE,OLD TOWN,1899.592593
LOGAN SQUARE,PORTAGE PARK,1793.428571
LOGAN SQUARE,PRINTERS ROW,2818
LOGAN SQUARE,RIVER NORTH,1752.844
LOGAN SQUARE,ROGERS PARK,1271.433962
LOGAN SQUARE,RUSH & DIVISION,1766.5625
LOGAN SQUARE,SHEFFIELD & DEPAUL,1480.204545
LOGAN SQUARE,STREETERVILLE,2677
LOGAN SQUARE,UKRAINIAN VILLAGE AND EAST VILLAGE,1074.210084
LOGAN SQUARE,UNITED CENTER,1462.142857
LOGAN SQUARE,UPTOWN,2549.615385
LOGAN SQUARE,WEST LOOP,1654.267123
LOGAN SQUARE,WEST RIDGE,1956
LOGAN SQUARE,WICKER PARK,955.4043608
LOGAN SQUARE,WRIGLEYVILLE,1625.263158
LOOP,ANDERSONVILLE,2510.090909
LOOP,ARMOUR SQUARE,1682.216418
LOOP,AUSTIN,4690.333333
LOOP,BACK OF THE YARDS,2157
LOOP,BELMONT CRAIGIN,2778
LOOP,BRIDGEPORT,1632.902913
LOOP,BRIGHTON PARK,1974.666667
LOOP,BRONZEVILLE,2160.21608
LOOP,BUCKTOWN,1702.757692
LOOP,EDGEWATER,3254.388889
LOOP,ENGLEWOOD,12144
LOOP,GARFIELD PARK,2088.095238
LOOP,GOLD COAST,1231.141304
LOOP,GRANT PARK,844.618682
LOOP,HUMBOLDT PARK,1767.97619
LOOP,HYDE PARK,3807.651685
LOOP,IRVING PARK,2574.428571
LOOP,JACKSON PARK,4005.636364
LOOP,KENWOOD,2218.446429
LOOP,LAKE VIEW,1947.211947
LOOP,LINCOLN PARK,1572.637817
LOOP,LINCOLN SQUARE,2328.339286
LOOP,LITTLE ITALY,1027.65564
LOOP,LITTLE VILLAGE,2406.75
LOOP,LOGAN SQUARE,2216.061594
LOOP,LOOP,640.8621089
LOOP,LOWER WEST SIDE,1374.475845
LOOP,MILLENIUM PARK,1184.331638
LOOP,MUSEUM CAMPUS,1464.932265
LOOP,NEAR SOUTH SIDE,860.7372747
LOOP,NORTH CENTER,2025.587719
LOOP,NORTH LAWNDALE,1627.666667
LOOP,NORTH PARK,2677
LOOP,OLD TOWN,1130.061947
LOOP,PRINTERS ROW,491.0257898
LOOP,RIVER NORTH,661.8317656
LOOP,ROGERS PARK,2181.858696
LOOP,RUSH & DIVISION,829.1740541
LOOP,SHEFFIELD & DEPAUL,1666.341304
LOOP,SOUTH SHORE,5760.75
LOOP,STREETERVILLE,1240.645522
LOOP,UKRAINIAN VILLAGE AND EAST VILLAGE,1316.495215
LOOP,UNITED CENTER,1381.343434
LOOP,UPTOWN,2561.040816
LOOP,WASHINGTON PARK,6348
LOOP,WEST LOOP,540.3551317
LOOP,WEST RIDGE,3005
LOOP,WICKER PARK,1076.745564
LOOP,WOODLAWN,5582.666667
LOOP,WRIGLEYVILLE,2019.567164
LOWER WEST SIDE,ARMOUR SQUARE,855.4090909
LOWER WEST SIDE,BACK OF THE YARDS,1373.375
LOWER WEST SIDE,BRIDGEPORT,856.78125
LOWER WEST SIDE,BRIGHTON PARK,1005.265823
LOWER WEST SIDE,BRONZEVILLE,1651.428571
LOWER WEST SIDE,BUCKTOWN,2024.75
LOWER WEST SIDE,CHATHAM,10985
LOWER WEST SIDE,GARFIELD PARK,1989.142857
LOWER WEST SIDE,GOLD COAST,2272.333333
LOWER WEST SIDE,GRANT PARK,1502.434783
LOWER WEST SIDE,HUMBOLDT PARK,2113.333333
LOWER WEST SIDE,HYDE PARK,2392
LOWER WEST SIDE,JACKSON PARK,3685.333333
LOWER WEST SIDE,KENWOOD,2445.333333
LOWER WEST SIDE,LAKE VIEW,2327.571429
LOWER WEST SIDE,LINCOLN PARK,3135.066667
LOWER WEST SIDE,LINCOLN SQUARE,2201
LOWER WEST SIDE,LITTLE ITALY,586.4443642
LOWER WEST SIDE,LITTLE VILLAGE,727.8055556
LOWER WEST SIDE,LOGAN SQUARE,2411.333333
LOWER WEST SIDE,LOOP,1236.943734
LOWER WEST SIDE,LOWER WEST SIDE,602.450655
LOWER WEST SIDE,MILLENIUM PARK,1856.55
LOWER WEST SIDE,MUSEUM CAMPUS,1880.633333
LOWER WEST SIDE,NEAR SOUTH SIDE,858.3333333
LOWER WEST SIDE,NORTH CENTER,2634.166667
LOWER WEST SIDE,NORTH LAWNDALE,1956.625
LOWER WEST SIDE,OLD TOWN,1635.75
LOWER WEST SIDE,PRINTERS ROW,1549.307692
LOWER WEST SIDE,RIVER NORTH,1536.592357
LOWER WEST SIDE,ROGERS PARK,1638
LOWER WEST SIDE,RUSH & DIVISION,2431.6
LOWER WEST SIDE,SHEFFIELD & DEPAUL,2052
LOWER WEST SIDE,STREETERVILLE,1891.666667
LOWER WEST SIDE,UKRAINIAN VILLAGE AND EAST VILLAGE,1556.666667
LOWER WEST SIDE,UNITED CENTER,1043.333333
LOWER WEST SIDE,UPTOWN,6389
LOWER WEST SIDE,WEST LOOP,852.1008869
LOWER WEST SIDE,WICKER PARK,1443.509615
MILLENIUM PARK,ANDERSONVILLE,3802
MILLENIUM PARK,ARMOUR SQUARE,2720.363636
MILLENIUM PARK,BRIDGEPORT,1724.266667
MILLENIUM PARK,BRONZEVILLE,2432.761905
MILLENIUM PARK,EDGEWATER,3893.4
MILLENIUM PARK,GOLD COAST,1760.348485
MILLENIUM PARK,GRANT PARK,834.1925466
MILLENIUM PARK,HUMBOLDT PARK,2616
MILLENIUM PARK,HYDE PARK,3370.818182
MILLENIUM PARK,JACKSON PARK,2963
MILLENIUM PARK,KENWOOD,2504.5
MILLENIUM PARK,LAKE VIEW,2406.45082
MILLENIUM PARK,LINCOLN PARK,2071.983871
MILLENIUM PARK,LINCOLN SQUARE,2807
MILLENIUM PARK,LITTLE ITALY,1405.512821
MILLENIUM PARK,LOGAN SQUARE,2471.5
MILLENIUM PARK,LOOP,1592.260032
MILLENIUM PARK,LOWER WEST SIDE,1809
MILLENIUM PARK,MILLENIUM PARK,2695.972973
MILLENIUM PARK,MUSEUM CAMPUS,1520.654167
MILLENIUM PARK,NEAR SOUTH SIDE,945.6692607
MILLENIUM PARK,NORTH CENTER,2391
MILLENIUM PARK,OLD TOWN,1988.884615
MILLENIUM PARK,PRINTERS ROW,670.3571429
MILLENIUM PARK,RIVER NORTH,1408.425676
MILLENIUM PARK,ROGERS PARK,2357.25
MILLENIUM PARK,RUSH & DIVISION,1588.055556
MILLENIUM PARK,SHEFFIELD & DEPAUL,2769.733333
MILLENIUM PARK,STREETERVILLE,1056.674419
MILLENIUM PARK,UKRAINIAN VILLAGE AND EAST VILLAGE,1375.5
MILLENIUM PARK,UNITED CENTER,2279.333333
MILLENIUM PARK,UPTOWN,2847.235294
MILLENIUM PARK,WEST LOOP,941.7241379
MILLENIUM PARK,WICKER PARK,2175.969697
MILLENIUM PARK,WRIGLEYVILLE,3913.285714
MUSEUM CAMPUS,ARMOUR SQUARE,2249.5
MUSEUM CAMPUS,BRIDGEPORT,1435.235294
MUSEUM CAMPUS,BRONZEVILLE,2187.166667
MUSEUM CAMPUS,EDGEWATER,8509.75
MUSEUM CAMPUS,GOLD COAST,2114.244681
MUSEUM CAMPUS,GRANT PARK,1130.313043
MUSEUM CAMPUS,HUMBOLDT PARK,2553.5
MUSEUM CAMPUS,HYDE PARK,2933.580645
MUSEUM CAMPUS,JACKSON PARK,4135.181818
MUSEUM CAMPUS,KENWOOD,2202.5
MUSEUM CAMPUS,LAKE VIEW,2762.608696
MUSEUM CAMPUS,LINCOLN PARK,2870.477273
MUSEUM CAMPUS,LITTLE ITALY,1515.090909
MUSEUM CAMPUS,LITTLE VILLAGE,2261
MUSEUM CAMPUS,LOGAN SQUARE,2320.5
MUSEUM CAMPUS,LOOP,1417.872191
MUSEUM CAMPUS,LOWER WEST SIDE,1448.470588
MUSEUM CAMPUS,MILLENIUM PARK,1458.144928
MUSEUM CAMPUS,MUSEUM CAMPUS,1507.168333
MUSEUM CAMPUS,NEAR SOUTH SIDE,1047.382637
MUSEUM CAMPUS,NORTH CENTER,2829
MUSEUM CAMPUS,OLD TOWN,2232.722222
MUSEUM CAMPUS,PRINTERS ROW,1031.294872
MUSEUM CAMPUS,RIVER NORTH,1943.308642
MUSEUM CAMPUS,RUSH & DIVISION,2190.230769
MUSEUM CAMPUS,SHEFFIELD & DEPAUL,2711.857143
MUSEUM CAMPUS,STREETERVILLE,907.426087
MUSEUM CAMPUS,UNITED CENTER,4232.8
MUSEUM CAMPUS,UPTOWN,2458
MUSEUM CAMPUS,WASHINGTON PARK,4104
MUSEUM CAMPUS,WEST LOOP,1205.621868
MUSEUM CAMPUS,WICKER PARK,2638.407407
NEAR SOUTH SIDE,ARMOUR SQUARE,616.6013514
NEAR SOUTH SIDE,BACK OF THE YARDS,1480.25
NEAR SOUTH SIDE,BRIDGEPORT,703.3300971
NEAR SOUTH SIDE,BRIGHTON PARK,2015.875
NEAR SOUTH SIDE,BRONZEVILLE,1017.303797
NEAR SOUTH SIDE,BUCKTOWN,3225
NEAR SOUTH SIDE,GOLD COAST,2059.758621
NEAR SOUTH SIDE,GRANT PARK,1174.370213
NEAR SOUTH SIDE,HUMBOLDT PARK,2059.357143
NEAR SOUTH SIDE,HYDE PARK,2394.117647
NEAR SOUTH SIDE,JACKSON PARK,3178.4
NEAR SOUTH SIDE,KENWOOD,2386.363636
NEAR SOUTH SIDE,LAKE VIEW,2471.192308
NEAR SOUTH SIDE,LINCOLN PARK,2543.914286
NEAR SOUTH SIDE,LITTLE ITALY,941.1964286
NEAR SOUTH SIDE,LITTLE VILLAGE,1707.333333
NEAR SOUTH SIDE,LOGAN SQUARE,3319.2
NEAR SOUTH SIDE,LOOP,869.5493398
NEAR SOUTH SIDE,LOWER WEST SIDE,799.6607774
NEAR SOUTH SIDE,MILLENIUM PARK,1035.525547
NEAR SOUTH SIDE,MUSEUM CAMPUS,790.44
NEAR SOUTH SIDE,NEAR SOUTH SIDE,589.8538697
NEAR SOUTH SIDE,NORTH LAWNDALE,2244.25
NEAR SOUTH SIDE,OLD TOWN,2133.913043
NEAR SOUTH SIDE,PRINTERS ROW,528.7844037
NEAR SOUTH SIDE,RIVER NORTH,1095.476103
NEAR SOUTH SIDE,RUSH & DIVISION,1599.26087
NEAR SOUTH SIDE,SHEFFIELD & DEPAUL,3638.5
NEAR SOUTH SIDE,STREETERVILLE,866.1170213
NEAR SOUTH SIDE,UKRAINIAN VILLAGE AND EAST VILLAGE,2420.5
NEAR SOUTH SIDE,UNITED CENTER,2811.1
NEAR SOUTH SIDE,UPTOWN,2436
NEAR SOUTH SIDE,WEST LOOP,897.9335038
NEAR SOUTH SIDE,WICKER PARK,1750.441176
NEAR SOUTH SIDE,WOODLAWN,1775
NORTH CENTER,ANDERSONVILLE,1072.909091
NORTH CENTER,BELMONT CRAIGIN,1898
NORTH CENTER,BRIDGEPORT,3062
NORTH CENTER,BUCKTOWN,1058.867925
NORTH CENTER,EDGEWATER,1459.677419
NORTH CENTER,GARFIELD PARK,2044.75
NORTH CENTER,GOLD COAST,1843.666667
NORTH CENTER,GRANT PARK,4796
NORTH CENTER,HUMBOLDT PARK,1350.714286
NORTH CENTER,IRVING PARK,758.049505
NORTH CENTER,JACKSON PARK,6208
NORTH CENTER,LAKE VIEW,524.6841547
NORTH CENTER,LINCOLN PARK,1013.035242
NORTH CENTER,LINCOLN SQUARE,615.8690808
NORTH CENTER,LITTLE ITALY,1861.111111
NORTH CENTER,LOGAN SQUARE,1106.673684
NORTH CENTER,LOOP,2046.201342
NORTH CENTER,LOWER WEST SIDE,2123
NORTH CENTER,MILLENIUM PARK,6788.5
NORTH CENTER,MUSEUM CAMPUS,7234
NORTH CENTER,NORTH CENTER,605.4277567
NORTH CENTER,NORTH PARK,814.1111111
NORTH CENTER,OLD TOWN,1512.025974
NORTH CENTER,RIVER NORTH,1709.675497
NORTH CENTER,ROGERS PARK,1751.666667
NORTH CENTER,RUSH & DIVISION,1820.2
NORTH CENTER,SHEFFIELD & DEPAUL,829.7297297
NORTH CENTER,UKRAINIAN VILLAGE AND EAST VILLAGE,841.1071429
NORTH CENTER,UNITED CENTER,2204
NORTH CENTER,UPTOWN,896.8978495
NORTH CENTER,WEST LOOP,1838.962025
NORTH CENTER,WEST RIDGE,1605.5
NORTH CENTER,WICKER PARK,1141.639831
NORTH CENTER,WRIGLEYVILLE,602.1011236
NORTH LAWNDALE,GARFIELD PARK,1493
NORTH LAWNDALE,LINCOLN PARK,3072.4
NORTH LAWNDALE,LITTLE ITALY,748.7272727
NORTH LAWNDALE,LITTLE VILLAGE,427.1428571
NORTH LAWNDALE,LOGAN SQUARE,1758
NORTH LAWNDALE,LOWER WEST SIDE,892.4166667
NORTH LAWNDALE,NEAR SOUTH SIDE,1641.142857
NORTH LAWNDALE,NORTH LAWNDALE,488.1428571
NORTH LAWNDALE,PRINTERS ROW,1343
NORTH LAWNDALE,RIVER NORTH,1840
NORTH LAWNDALE,ROGERS PARK,2064
NORTH LAWNDALE,RUSH & DIVISION,2349
NORTH LAWNDALE,UKRAINIAN VILLAGE AND EAST VILLAGE,1778.666667
NORTH LAWNDALE,WEST LOOP,1389.222222
NORTH LAWNDALE,WICKER PARK,1144.846154
NORTH PARK,ANDERSONVILLE,1159.333333
NORTH PARK,EDGEWATER,720.84
NORTH PARK,IRVING PARK,572.625
NORTH PARK,LAKE VIEW,1744.677419
NORTH PARK,LINCOLN PARK,1737
NORTH PARK,LINCOLN SQUARE,647.6296296
NORTH PARK,LOGAN SQUARE,1329.066667
NORTH PARK,LOOP,3470
NORTH PARK,NORTH CENTER,907.825
NORTH PARK,NORTH PARK,1099.305556
NORTH PARK,RIVER NORTH,2110
NORTH PARK,ROGERS PARK,1166
NORTH PARK,UPTOWN,1101.625
NORTH PARK,WEST RIDGE,814.1111111
NORTH PARK,WICKER PARK,1955.333333
NORTH PARK,WRIGLEYVILLE,1218.333333
OLD TOWN,ANDERSONVILLE,2016
OLD TOWN,ARMOUR SQUARE,4017.5
OLD TOWN,BELMONT CRAIGIN,2214
OLD TOWN,BRIGHTON PARK,2960
OLD TOWN,BUCKTOWN,957.1776316
OLD TOWN,EDGEWATER,2270.75
OLD TOWN,GARFIELD PARK,1616
OLD TOWN,GOLD COAST,745.3372365
OLD TOWN,GRANT PARK,2934.931818
OLD TOWN,HUMBOLDT PARK,1588.909091
OLD TOWN,HYDE PARK,5324.25
OLD TOWN,IRVING PARK,1665
OLD TOWN,JACKSON PARK,5324.5
OLD TOWN,LAKE VIEW,1174.345391
OLD TOWN,LINCOLN PARK,554.1153846
OLD TOWN,LINCOLN SQUARE,1603.212121
OLD TOWN,LITTLE ITALY,1861.904762
OLD TOWN,LITTLE VILLAGE,1911
OLD TOWN,LOGAN SQUARE,1701.111111
OLD TOWN,LOOP,1131.789558
OLD TOWN,LOWER WEST SIDE,1832.613636
OLD TOWN,MILLENIUM PARK,2192.520833
OLD TOWN,MUSEUM CAMPUS,2236.714286
OLD TOWN,NEAR SOUTH SIDE,2854.04
OLD TOWN,NORTH CENTER,1453.225
OLD TOWN,NORTH PARK,2110
OLD TOWN,OLD TOWN,471.0562181
OLD TOWN,PORTAGE PARK,2845
OLD TOWN,PRINTERS ROW,2012
OLD TOWN,RIVER NORTH,511.2413305
OLD TOWN,ROGERS PARK,1641.810811
OLD TOWN,RUSH & DIVISION,519.5478011
OLD TOWN,SHEFFIELD & DEPAUL,728.293381
OLD TOWN,STREETERVILLE,4623.142857
OLD TOWN,UKRAINIAN VILLAGE AND EAST VILLAGE,960.3148148
OLD TOWN,UNITED CENTER,1936.6
OLD TOWN,UPTOWN,1858.153846
OLD TOWN,WEST LOOP,965.7889546
OLD TOWN,WICKER PARK,757.1977472
OLD TOWN,WRIGLEYVILLE,1338.828571
PORTAGE PARK,IRVING PARK,1457.769231
PORTAGE PARK,LAKE VIEW,2200
PORTAGE PARK,LINCOLN SQUARE,2143
PORTAGE PARK,LOGAN SQUARE,1362
PORTAGE PARK,NORTH CENTER,2199
PORTAGE PARK,PORTAGE PARK,595.5
PORTAGE PARK,UPTOWN,2879
PRINTERS ROW,ARMOUR SQUARE,1035.651163
PRINTERS ROW,BRIDGEPORT,1789.3
PRINTERS ROW,BRONZEVILLE,1118.666667
PRINTERS ROW,GOLD COAST,1690.857143
PRINTERS ROW,GRANT PARK,394.4482759
PRINTERS ROW,HUMBOLDT PARK,2000
PRINTERS ROW,KENWOOD,1898
PRINTERS ROW,LAKE VIEW,5704.8
PRINTERS ROW,LINCOLN PARK,2689
PRINTERS ROW,LITTLE ITALY,902.4759036
PRINTERS ROW,LOGAN SQUARE,2645.5
PRINTERS ROW,LOOP,486.6902985
PRINTERS ROW,LOWER WEST SIDE,990.4285714
PRINTERS ROW,MILLENIUM PARK,765.3703704
PRINTERS ROW,MUSEUM CAMPUS,910.2727273
PRINTERS ROW,NEAR SOUTH SIDE,477.9344262
PRINTERS ROW,NORTH LAWNDALE,1457.75
PRINTERS ROW,OLD TOWN,2333.666667
PRINTERS ROW,PRINTERS ROW,1560.009434
PRINTERS ROW,RIVER NORTH,865.8496241
PRINTERS ROW,ROGERS PARK,5468
PRINTERS ROW,RUSH & DIVISION,1103.210526
PRINTERS ROW,SHEFFIELD & DEPAUL,2006
PRINTERS ROW,STREETERVILLE,2542.2
PRINTERS ROW,UKRAINIAN VILLAGE AND EAST VILLAGE,1802.5
PRINTERS ROW,UPTOWN,2961
PRINTERS ROW,WEST LOOP,685.1632653
PRINTERS ROW,WICKER PARK,1535.304348
RIVER NORTH,ANDERSONVILLE,1618.5
RIVER NORTH,ARMOUR SQUARE,1392.631579
RIVER NORTH,AUSTIN,3488
RIVER NORTH,BELMONT CRAIGIN,2977.666667
RIVER NORTH,BRIDGEPORT,2095.927273
RIVER NORTH,BRIGHTON PARK,2357
RIVER NORTH,BRONZEVILLE,2099.909091
RIVER NORTH,BUCKTOWN,1005.732039
RIVER NORTH,EDGEWATER,4021.583333
RIVER NORTH,GARFIELD PARK,1415.944444
RIVER NORTH,GOLD COAST,712.0349398
RIVER NORTH,GRANT PARK,1022.452941
RIVER NORTH,HUMBOLDT PARK,1812.819672
RIVER NORTH,HYDE PARK,5609.571429
RIVER NORTH,IRVING PARK,2264.707692
RIVER NORTH,JACKSON PARK,5744.833333
RIVER NORTH,LAKE VIEW,1391.696888
RIVER NORTH,LINCOLN PARK,889.3745614
RIVER NORTH,LINCOLN SQUARE,1798.515152
RIVER NORTH,LITTLE ITALY,1270.527845
RIVER NORTH,LITTLE VILLAGE,2061
RIVER NORTH,LOGAN SQUARE,1779.794798
RIVER NORTH,LOOP,656.9152111
RIVER NORTH,LOWER WEST SIDE,1565.038462
RIVER NORTH,MILLENIUM PARK,1657.394737
RIVER NORTH,MUSEUM CAMPUS,1701.607692
RIVER NORTH,NEAR SOUTH SIDE,1039.1312
RIVER NORTH,NORTH CENTER,1637.888889
RIVER NORTH,NORTH LAWNDALE,8071
RIVER NORTH,NORTH PARK,2196.9
RIVER NORTH,OLD TOWN,557.7877261
RIVER NORTH,PRINTERS ROW,1095.124424
RIVER NORTH,RIVER NORTH,514.4884084
RIVER NORTH,ROGERS PARK,1050.208333
RIVER NORTH,RUSH & DIVISION,572.8449304
RIVER NORTH,SHEFFIELD & DEPAUL,974.9308271
RIVER NORTH,SOUTH SHORE,5578
RIVER NORTH,STREETERVILLE,1729.46875
RIVER NORTH,UKRAINIAN VILLAGE AND EAST VILLAGE,1092.439716
RIVER NORTH,UNITED CENTER,1468.6
RIVER NORTH,UPTOWN,2748.942623
RIVER NORTH,WASHINGTON PARK,4148
RIVER NORTH,WEST LOOP,598.6622349
RIVER NORTH,WEST RIDGE,3048
RIVER NORTH,WICKER PARK,640.282315
RIVER NORTH,WRIGLEYVILLE,2013.135593
RIVERDALE,SOUTH SHORE,776
ROGERS PARK,ANDERSONVILLE,1187.377778
ROGERS PARK,BUCKTOWN,331.7446809
ROGERS PARK,EDGEWATER,746.8577075
ROGERS PARK,GARFIELD PARK,1070
ROGERS PARK,GOLD COAST,613
ROGERS PARK,HUMBOLDT PARK,1239.4375
ROGERS PARK,IRVING PARK,1541.5
ROGERS PARK,LAKE VIEW,1655.778689
ROGERS PARK,LINCOLN PARK,1279.297521
ROGERS PARK,LINCOLN SQUARE,1516.235294
ROGERS PARK,LITTLE ITALY,983
ROGERS PARK,LOGAN SQUARE,1495.757576
ROGERS PARK,LOOP,1449.666667
ROGERS PARK,LOWER WEST SIDE,10220
ROGERS PARK,MILLENIUM PARK,3527
ROGERS PARK,MUSEUM CAMPUS,4534.4
ROGERS PARK,NORTH CENTER,1329.6875
ROGERS PARK,NORTH PARK,1915.444444
ROGERS PARK,OLD TOWN,1122.423077
ROGERS PARK,RIVER NORTH,959.1703704
ROGERS PARK,ROGERS PARK,441.3065272
ROGERS PARK,RUSH & DIVISION,1979.857143
ROGERS PARK,SHEFFIELD & DEPAUL,1362.424242
ROGERS PARK,UKRAINIAN VILLAGE AND EAST VILLAGE,495.6527778
ROGERS PARK,UNITED CENTER,795.4594595
ROGERS PARK,UPTOWN,1726.3875
ROGERS PARK,WEST LOOP,1086.310345
ROGERS PARK,WEST RIDGE,495.3897764
ROGERS PARK,WICKER PARK,496.9280303
ROGERS PARK,WRIGLEYVILLE,1681.555556
RUSH & DIVISION,ARMOUR SQUARE,1452
RUSH & DIVISION,BELMONT CRAIGIN,2260
RUSH & DIVISION,BRIDGEPORT,2555
RUSH & DIVISION,BUCKTOWN,1280.289474
RUSH & DIVISION,EDGEWATER,3427.6
RUSH & DIVISION,GOLD COAST,500.7206704
RUSH & DIVISION,GRANT PARK,1696.333333
RUSH & DIVISION,HUMBOLDT PARK,1530.428571
RUSH & DIVISION,HYDE PARK,3848.5
RUSH & DIVISION,IRVING PARK,2148.285714
RUSH & DIVISION,JACKSON PARK,3452
RUSH & DIVISION,LAKE VIEW,1284.221675
RUSH & DIVISION,LINCOLN PARK,843.6429342
RUSH & DIVISION,LINCOLN SQUARE,2220.285714
RUSH & DIVISION,LITTLE ITALY,1967.056604
RUSH & DIVISION,LOGAN SQUARE,1825.4
RUSH & DIVISION,LOOP,808.0972673
RUSH & DIVISION,LOWER WEST SIDE,2154.736842
RUSH & DIVISION,MILLENIUM PARK,1945.363636
RUSH & DIVISION,MUSEUM CAMPUS,3342.944444
RUSH & DIVISION,NEAR SOUTH SIDE,1553.466667
RUSH & DIVISION,NORTH CENTER,1732.611111
RUSH & DIVISION,NORTH LAWNDALE,2072
RUSH & DIVISION,OLD TOWN,555.8131769
RUSH & DIVISION,PRINTERS ROW,1182.269231
RUSH & DIVISION,RIVER NORTH,552.5737115
RUSH & DIVISION,ROGERS PARK,1265.5
RUSH & DIVISION,RUSH & DIVISION,925.7493369
RUSH & DIVISION,SHEFFIELD & DEPAUL,1055.184615
RUSH & DIVISION,STREETERVILLE,1145
RUSH & DIVISION,UKRAINIAN VILLAGE AND EAST VILLAGE,1234
RUSH & DIVISION,UNITED CENTER,1589.166667
RUSH & DIVISION,UPTOWN,2019.555556
RUSH & DIVISION,WEST LOOP,881.3698535
RUSH & DIVISION,WICKER PARK,943.0093985
RUSH & DIVISION,WRIGLEYVILLE,1674.923077
SHEFFIELD & DEPAUL,ANDERSONVILLE,1523
SHEFFIELD & DEPAUL,BELMONT CRAIGIN,2093.5
SHEFFIELD & DEPAUL,BRIDGEPORT,2793
SHEFFIELD & DEPAUL,BUCKTOWN,692.2944785
SHEFFIELD & DEPAUL,EDGEWATER,1781.35
SHEFFIELD & DEPAUL,GARFIELD PARK,2372
SHEFFIELD & DEPAUL,GOLD COAST,1429.87037
SHEFFIELD & DEPAUL,GRANT PARK,2034
SHEFFIELD & DEPAUL,HUMBOLDT PARK,1571.777778
SHEFFIELD & DEPAUL,IRVING PARK,1476.481481
SHEFFIELD & DEPAUL,KENWOOD,3344
SHEFFIELD & DEPAUL,LAKE VIEW,556.332841
SHEFFIELD & DEPAUL,LINCOLN PARK,396.4279883
SHEFFIELD & DEPAUL,LINCOLN SQUARE,1203.447368
SHEFFIELD & DEPAUL,LITTLE ITALY,1982.176471
SHEFFIELD & DEPAUL,LOGAN SQUARE,1217.105263
SHEFFIELD & DEPAUL,LOOP,1700.367089
SHEFFIELD & DEPAUL,LOWER WEST SIDE,1998.12
SHEFFIELD & DEPAUL,MILLENIUM PARK,2503.8125
SHEFFIELD & DEPAUL,MUSEUM CAMPUS,2683.5
SHEFFIELD & DEPAUL,NEAR SOUTH SIDE,2968
SHEFFIELD & DEPAUL,NORTH CENTER,936.9119171
SHEFFIELD & DEPAUL,NORTH PARK,1834
SHEFFIELD & DEPAUL,OLD TOWN,765.664557
SHEFFIELD & DEPAUL,PRINTERS ROW,1659.5
SHEFFIELD & DEPAUL,RIVER NORTH,917.1561969
SHEFFIELD & DEPAUL,ROGERS PARK,1227.294118
SHEFFIELD & DEPAUL,RUSH & DIVISION,1205.520408
SHEFFIELD & DEPAUL,SHEFFIELD & DEPAUL,327.3486653
SHEFFIELD & DEPAUL,STREETERVILLE,3199
SHEFFIELD & DEPAUL,UKRAINIAN VILLAGE AND EAST VILLAGE,1374.647059
SHEFFIELD & DEPAUL,UNITED CENTER,2280
SHEFFIELD & DEPAUL,UPTOWN,1265.218182
SHEFFIELD & DEPAUL,WEST LOOP,1414.960563
SHEFFIELD & DEPAUL,WICKER PARK,1258.068063
SHEFFIELD & DEPAUL,WRIGLEYVILLE,752.6708861
SOUTH CHICAGO,SOUTH CHICAGO,811.6
SOUTH CHICAGO,SOUTH SHORE,984.28125
SOUTH SHORE,AVALON PARK,762
SOUTH SHORE,BACK OF THE YARDS,1727.5
SOUTH SHORE,BRONZEVILLE,1885.6
SOUTH SHORE,CHATHAM,576.7777778
SOUTH SHORE,ENGLEWOOD,1267.517241
SOUTH SHORE,HYDE PARK,1798.133333
SOUTH SHORE,JACKSON PARK,1031.575
SOUTH SHORE,KENWOOD,2588.142857
SOUTH SHORE,LOOP,1954
SOUTH SHORE,MUSEUM CAMPUS,3043
SOUTH SHORE,NEAR SOUTH SIDE,14103
SOUTH SHORE,RIVERDALE,310
SOUTH SHORE,SOUTH CHICAGO,784.5925926
SOUTH SHORE,SOUTH SHORE,1230.876777
SOUTH SHORE,STREETERVILLE,7310
SOUTH SHORE,WASHINGTON PARK,1556
SOUTH SHORE,WOODLAWN,847.6052632
STREETERVILLE,ARMOUR SQUARE,1614
STREETERVILLE,BRIDGEPORT,1254.785714
STREETERVILLE,BRONZEVILLE,3113.166667
STREETERVILLE,BUCKTOWN,1504
STREETERVILLE,GOLD COAST,3404.625
STREETERVILLE,GRANT PARK,785.675
STREETERVILLE,HYDE PARK,2461
STREETERVILLE,IRVING PARK,7321
STREETERVILLE,JACKSON PARK,3380
STREETERVILLE,LAKE VIEW,3953.5
STREETERVILLE,LINCOLN PARK,4325.1875
STREETERVILLE,LITTLE ITALY,920.4
STREETERVILLE,LOGAN SQUARE,2943
STREETERVILLE,LOOP,1032.279279
STREETERVILLE,LOWER WEST SIDE,998
STREETERVILLE,MILLENIUM PARK,1033.888889
STREETERVILLE,MUSEUM CAMPUS,936.9759036
STREETERVILLE,NEAR SOUTH SIDE,818.6138614
STREETERVILLE,NORTH LAWNDALE,1617
STREETERVILLE,OLD TOWN,7655
STREETERVILLE,PRINTERS ROW,523.5
STREETERVILLE,RIVER NORTH,2220.538462
STREETERVILLE,RUSH & DIVISION,1538.375
STREETERVILLE,SHEFFIELD & DEPAUL,2915
STREETERVILLE,STREETERVILLE,3370.421687
STREETERVILLE,UKRAINIAN VILLAGE AND EAST VILLAGE,1702
STREETERVILLE,UPTOWN,3334
STREETERVILLE,WEST LOOP,718.625
STREETERVILLE,WICKER PARK,2291.6
STREETERVILLE,WOODLAWN,5597
UKRAINIAN VILLAGE AND EAST VILLAGE,AUSTIN,2250.5
UKRAINIAN VILLAGE AND EAST VILLAGE,BRIDGEPORT,1954
UKRAINIAN VILLAGE AND EAST VILLAGE,BRIGHTON PARK,1680
UKRAINIAN VILLAGE AND EAST VILLAGE,BUCKTOWN,730.3666667
UKRAINIAN VILLAGE AND EAST VILLAGE,GARFIELD PARK,1119.421053
UKRAINIAN VILLAGE AND EAST VILLAGE,GOLD COAST,1174.588235
UKRAINIAN VILLAGE AND EAST VILLAGE,GRANT PARK,1253.5
UKRAINIAN VILLAGE AND EAST VILLAGE,HUMBOLDT PARK,863.0410959
UKRAINIAN VILLAGE AND EAST VILLAGE,IRVING PARK,1035.918919
UKRAINIAN VILLAGE AND EAST VILLAGE,LAKE VIEW,1838.1
UKRAINIAN VILLAGE AND EAST VILLAGE,LINCOLN PARK,1250.371257
UKRAINIAN VILLAGE AND EAST VILLAGE,LINCOLN SQUARE,1217.571429
UKRAINIAN VILLAGE AND EAST VILLAGE,LITTLE ITALY,929.4519231
UKRAINIAN VILLAGE AND EAST VILLAGE,LITTLE VILLAGE,2132
UKRAINIAN VILLAGE AND EAST VILLAGE,LOGAN SQUARE,1195.060345
UKRAINIAN VILLAGE AND EAST VILLAGE,LOOP,1288.266529
UKRAINIAN VILLAGE AND EAST VILLAGE,LOWER WEST SIDE,1691.777778
UKRAINIAN VILLAGE AND EAST VILLAGE,MILLENIUM PARK,1906.1
UKRAINIAN VILLAGE AND EAST VILLAGE,MUSEUM CAMPUS,1920.5
UKRAINIAN VILLAGE AND EAST VILLAGE,NEAR SOUTH SIDE,2417.823529
UKRAINIAN VILLAGE AND EAST VILLAGE,NORTH CENTER,919.4814815
UKRAINIAN VILLAGE AND EAST VILLAGE,OLD TOWN,944.9230769
UKRAINIAN VILLAGE AND EAST VILLAGE,PRINTERS ROW,1574.5
UKRAINIAN VILLAGE AND EAST VILLAGE,RIVER NORTH,1016.466844
UKRAINIAN VILLAGE AND EAST VILLAGE,ROGERS PARK,485.6818182
UKRAINIAN VILLAGE AND EAST VILLAGE,RUSH & DIVISION,1149.666667
UKRAINIAN VILLAGE AND EAST VILLAGE,SHEFFIELD & DEPAUL,1374.380952
UKRAINIAN VILLAGE AND EAST VILLAGE,STREETERVILLE,2227
UKRAINIAN VILLAGE AND EAST VILLAGE,UKRAINIAN VILLAGE AND EAST VILLAGE,785.1035941
UKRAINIAN VILLAGE AND EAST VILLAGE,UNITED CENTER,1032.666667
UKRAINIAN VILLAGE AND EAST VILLAGE,UPTOWN,3204
UKRAINIAN VILLAGE AND EAST VILLAGE,WEST LOOP,1017.761795
UKRAINIAN VILLAGE AND EAST VILLAGE,WICKER PARK,424.6738926
UKRAINIAN VILLAGE AND EAST VILLAGE,WRIGLEYVILLE,1414
UNITED CENTER,BELMONT CRAIGIN,1410
UNITED CENTER,BRIDGEPORT,2865
UNITED CENTER,BUCKTOWN,1134.764706
UNITED CENTER,EDGEWATER,1981.555556
UNITED CENTER,GARFIELD PARK,489.7857143
UNITED CENTER,HUMBOLDT PARK,879.9
UNITED CENTER,IRVING PARK,1155
UNITED CENTER,LAKE VIEW,1855.4
UNITED CENTER,LINCOLN PARK,1962.4
UNITED CENTER,LINCOLN SQUARE,1115.277778
UNITED CENTER,LITTLE ITALY,661.2688172
UNITED CENTER,LITTLE VILLAGE,1308
UNITED CENTER,LOGAN SQUARE,1963.428571
UNITED CENTER,LOOP,1497.185185
UNITED CENTER,LOWER WEST SIDE,994.625
UNITED CENTER,MILLENIUM PARK,1599.833333
UNITED CENTER,MUSEUM CAMPUS,1968.5
UNITED CENTER,NEAR SOUTH SIDE,1830.4375
UNITED CENTER,NORTH CENTER,1581.2
UNITED CENTER,NORTH LAWNDALE,786.3333333
UNITED CENTER,NORTH PARK,746.3333333
UNITED CENTER,OLD TOWN,1585.888889
UNITED CENTER,PRINTERS ROW,2661.5
UNITED CENTER,RIVER NORTH,1540.46875
UNITED CENTER,ROGERS PARK,636.35
UNITED CENTER,RUSH & DIVISION,1621.857143
UNITED CENTER,UKRAINIAN VILLAGE AND EAST VILLAGE,832.90625
UNITED CENTER,UNITED CENTER,797.5111111
UNITED CENTER,UPTOWN,944
UNITED CENTER,WEST LOOP,662.7601351
UNITED CENTER,WEST RIDGE,473.2
UNITED CENTER,WICKER PARK,794.3149606
UNITED CENTER,WRIGLEYVILLE,1783
UPTOWN,ANDERSONVILLE,707.0421687
UPTOWN,BRIGHTON PARK,4114
UPTOWN,BUCKTOWN,1782.1
UPTOWN,EDGEWATER,784.1246459
UPTOWN,GOLD COAST,2051.252632
UPTOWN,GRANT PARK,4784
UPTOWN,HYDE PARK,6134
UPTOWN,IRVING PARK,1731.25
UPTOWN,LAKE VIEW,620.7039498
UPTOWN,LINCOLN PARK,1676.485465
UPTOWN,LINCOLN SQUARE,446.6801505
UPTOWN,LITTLE ITALY,2744
UPTOWN,LOGAN SQUARE,2097.809524
UPTOWN,LOOP,2389.431655
UPTOWN,MILLENIUM PARK,3795
UPTOWN,MUSEUM CAMPUS,4103.375
UPTOWN,NEAR SOUTH SIDE,4872.4
UPTOWN,NORTH CENTER,934.2605634
UPTOWN,NORTH PARK,1186
UPTOWN,OLD TOWN,2068.666667
UPTOWN,RIVER NORTH,2267.256757
UPTOWN,ROGERS PARK,1509.351064
UPTOWN,RUSH & DIVISION,2158.461538
UPTOWN,SHEFFIELD & DEPAUL,1244.244444
UPTOWN,UKRAINIAN VILLAGE AND EAST VILLAGE,1907.833333
UPTOWN,UNITED CENTER,1089
UPTOWN,UPTOWN,623.5353602
UPTOWN,WEST LOOP,2240.2
UPTOWN,WEST RIDGE,1501.5
UPTOWN,WICKER PARK,1907.833333
UPTOWN,WRIGLEYVILLE,613.6037736
WASHINGTON PARK,BRIDGEPORT,1100
WASHINGTON PARK,BRONZEVILLE,868.7894737
WASHINGTON PARK,ENGLEWOOD,581.2142857
WASHINGTON PARK,GOLD COAST,8323
WASHINGTON PARK,HYDE PARK,574.5886076
WASHINGTON PARK,JACKSON PARK,967.4
WASHINGTON PARK,KENWOOD,1606.5
WASHINGTON PARK,WASHINGTON PARK,455.1860465
WASHINGTON PARK,WEST LOOP,9956
WASHINGTON PARK,WOODLAWN,929.6842105
WEST LOOP,ANDERSONVILLE,3057
WEST LOOP,ARMOUR SQUARE,1323.125
WEST LOOP,AUSTIN,3182
WEST LOOP,BACK OF THE YARDS,1683
WEST LOOP,BRIDGEPORT,1452.647959
WEST LOOP,BRIGHTON PARK,1778.733333
WEST LOOP,BRONZEVILLE,1853.179104
WEST LOOP,BUCKTOWN,1400.548387
WEST LOOP,CHATHAM,8323
WEST LOOP,EDGEWATER,4010.923077
WEST LOOP,GARFIELD PARK,1441.071429
WEST LOOP,GOLD COAST,1129.176966
WEST LOOP,GRANT PARK,743.7412844
WEST LOOP,HUMBOLDT PARK,1571.527559
WEST LOOP,HYDE PARK,3235.5625
WEST LOOP,IRVING PARK,2228.464286
WEST LOOP,JACKSON PARK,4644
WEST LOOP,KENWOOD,6232
WEST LOOP,LAKE VIEW,2000.942222
WEST LOOP,LINCOLN PARK,1355.177581
WEST LOOP,LINCOLN SQUARE,1709.517241
WEST LOOP,LITTLE ITALY,642.7288889
WEST LOOP,LITTLE VILLAGE,1827.769231
WEST LOOP,LOGAN SQUARE,1773.767263
WEST LOOP,LOOP,534.4267561
WEST LOOP,LOWER WEST SIDE,901.9118836
WEST LOOP,MILLENIUM PARK,931.6136364
WEST LOOP,MUSEUM CAMPUS,1260.9375
WEST LOOP,NEAR SOUTH SIDE,966.6009281
WEST LOOP,NORTH CENTER,1838.453846
WEST LOOP,NORTH LAWNDALE,1275.333333
WEST LOOP,NORTH PARK,2272
WEST LOOP,OLD TOWN,1039.573333
WEST LOOP,PRINTERS ROW,688.9253521
WEST LOOP,RIVER NORTH,627.5924098
WEST LOOP,ROGERS PARK,1161.442308
WEST LOOP,RUSH & DIVISION,932.8518263
WEST LOOP,SHEFFIELD & DEPAUL,1435.666667
WEST LOOP,STREETERVILLE,904.06
WEST LOOP,UKRAINIAN VILLAGE AND EAST VILLAGE,1064.13229
WEST LOOP,UNITED CENTER,780.0496183
WEST LOOP,UPTOWN,2238.259259
WEST LOOP,WEST LOOP,373.1676538
WEST LOOP,WICKER PARK,685.8890304
WEST LOOP,WOODLAWN,2455.25
WEST LOOP,WRIGLEYVILLE,2027
WEST RIDGE,ANDERSONVILLE,1199.666667
WEST RIDGE,EDGEWATER,1276.333333
WEST RIDGE,IRVING PARK,1994
WEST RIDGE,LAKE VIEW,1666.833333
WEST RIDGE,LINCOLN PARK,2484.333333
WEST RIDGE,LINCOLN SQUARE,1047.892857
WEST RIDGE,LITTLE ITALY,3027
WEST RIDGE,LOGAN SQUARE,2135.6
WEST RIDGE,NORTH CENTER,2043.5
WEST RIDGE,NORTH PARK,849.8823529
WEST RIDGE,RIVER NORTH,3448
WEST RIDGE,ROGERS PARK,520.0551948
WEST RIDGE,UNITED CENTER,318.6666667
WEST RIDGE,UPTOWN,1989.666667
WEST RIDGE,WEST RIDGE,1295.013889
WEST RIDGE,WICKER PARK,3102.333333
WEST RIDGE,WRIGLEYVILLE,1698.8
WICKER PARK,ANDERSONVILLE,3564
WICKER PARK,ARMOUR SQUARE,2218.095238
WICKER PARK,AUSTIN,2957.5
WICKER PARK,BACK OF THE YARDS,2331
WICKER PARK,BELMONT CRAIGIN,1633.071429
WICKER PARK,BRIDGEPORT,2039
WICKER PARK,BRIGHTON PARK,1954.325
WICKER PARK,BUCKTOWN,547.3333333
WICKER PARK,EDGEWATER,2265
WICKER PARK,GARFIELD PARK,1390.970588
WICKER PARK,GOLD COAST,892.9477124
WICKER PARK,GRANT PARK,2221.794118
WICKER PARK,HUMBOLDT PARK,800.7093426
WICKER PARK,HYDE PARK,6317.75
WICKER PARK,IRVING PARK,1206.415584
WICKER PARK,JACKSON PARK,6732.5
WICKER PARK,LAKE VIEW,1482.853309
WICKER PARK,LINCOLN PARK,1059.276458
WICKER PARK,LINCOLN SQUARE,1061.978261
WICKER PARK,LITTLE ITALY,918.6398996
WICKER PARK,LITTLE VILLAGE,1870.954545
WICKER PARK,LOGAN SQUARE,998.3539382
WICKER PARK,LOOP,1020.895801
WICKER PARK,LOWER WEST SIDE,1413.445313
WICKER PARK,MILLENIUM PARK,1431.112903
WICKER PARK,MUSEUM CAMPUS,2415.071429
WICKER PARK,NEAR SOUTH SIDE,2093.145833
WICKER PARK,NORTH CENTER,1047.169291
WICKER PARK,NORTH LAWNDALE,1860.333333
WICKER PARK,NORTH PARK,1883.818182
WICKER PARK,OLD TOWN,790.7014085
WICKER PARK,PRINTERS ROW,1389.655172
WICKER PARK,RIVER NORTH,592.7739537
WICKER PARK,ROGERS PARK,537.0941704
WICKER PARK,RUSH & DIVISION,913.4048027
WICKER PARK,SHEFFIELD & DEPAUL,1232.043269
WICKER PARK,STREETERVILLE,3091.428571
WICKER PARK,UKRAINIAN VILLAGE AND EAST VILLAGE,475.9764857
WICKER PARK,UNITED CENTER,765.1785714
WICKER PARK,UPTOWN,2131.267857
WICKER PARK,WEST LOOP,641.0736409
WICKER PARK,WEST RIDGE,2754.5
WICKER PARK,WICKER PARK,512.3563128
WICKER PARK,WRIGLEYVILLE,1536.222222
WOODLAWN,ARMOUR SQUARE,2535
WOODLAWN,BRIDGEPORT,2193
WOODLAWN,BRONZEVILLE,1451.382353
WOODLAWN,CHATHAM,1714.4
WOODLAWN,ENGLEWOOD,740.7
WOODLAWN,GRANT PARK,7815
WOODLAWN,HYDE PARK,388.146935
WOODLAWN,JACKSON PARK,1698.625
WOODLAWN,KENWOOD,798.3148148
WOODLAWN,NEAR SOUTH SIDE,1615
WOODLAWN,RIVER NORTH,2091.5
WOODLAWN,SOUTH CHICAGO,1461.75
WOODLAWN,SOUTH SHORE,814.1538462
WOODLAWN,WASHINGTON PARK,769.25
WOODLAWN,WOODLAWN,759.4923858
WRIGLEYVILLE,ANDERSONVILLE,819.3913043
WRIGLEYVILLE,BUCKTOWN,1522.285714
WRIGLEYVILLE,EDGEWATER,2095.692308
WRIGLEYVILLE,IRVING PARK,1051.571429
WRIGLEYVILLE,LAKE VIEW,362.7829205
WRIGLEYVILLE,LINCOLN PARK,1011.439024
WRIGLEYVILLE,LINCOLN SQUARE,850.6785714
WRIGLEYVILLE,LITTLE ITALY,2176
WRIGLEYVILLE,LOGAN SQUARE,1589.708333
WRIGLEYVILLE,LOOP,2076.982759
WRIGLEYVILLE,LOWER WEST SIDE,3050
WRIGLEYVILLE,MILLENIUM PARK,2452
WRIGLEYVILLE,NORTH CENTER,648.622807
WRIGLEYVILLE,NORTH PARK,1268.5
WRIGLEYVILLE,OLD TOWN,1280.291667
WRIGLEYVILLE,RIVER NORTH,1913.586207
WRIGLEYVILLE,ROGERS PARK,1372.846154
WRIGLEYVILLE,RUSH & DIVISION,2773.142857
WRIGLEYVILLE,SHEFFIELD & DEPAUL,809.9767442
WRIGLEYVILLE,UKRAINIAN VILLAGE AND EAST VILLAGE,1744
WRIGLEYVILLE,UPTOWN,634.2588832
WRIGLEYVILLE,WEST LOOP,2314.75
WRIGLEYVILLE,WEST RIDGE,1827
WRIGLEYVILLE,WICKER PARK,1481.6
WRIGLEYVILLE,WRIGLEYVILLE,949.36
